"website_url","hits"
"http://https.www.paypal.com.uk-cgi-bin.webscr.cmd-login-submit-dispatch.0af7806a38a1ba9d9cbac36ad9aeda70e1c.0d0146638fd6ae870e1c044a751271270af789147127071270af7af7806a23.a826112891471270af7807512891471270.givemefollowers.com",0
"http://paigemduke.com",6
"http://citychowk.com",1
"http://videosaurus.com",2
"http://ip-184-168-166-154.ip.secureserver.net",5
"https://www.ethoca.com",13
"http://bokeh.digitalrev.com",8070
"https://t.mookie1.com",46
"http://maijonalisa.pixnet.net",50
"https://video.xx.fbcdn.net",26300
"http://uonumanet.com",8
"http://fastcast.espn.com",1
"http://www.overlapsistem.com",5
"https://nexus.ensighten.com",1600
"http://wowsale.net",7
"http://wbyd.org",2
"http://beta.entab.net",1
"http://www.handinhand.com.ar",3
"https://data11.adlooxtracking.com",1
"http://celinadelgado.com",3
"http://pagead2.googlesyndication.com",156000
"http://js.moatads.com",5360
"http://nambulamemorialprimary.com",12
"http://vast.ssp.optimatic.com",6
"http://realtime.services.disqus.com",34
"http://www.performanceoutdooradvertising.com",5
"http://www.sncielles.de",3
"http://www.adamdennis.info",3
"http://luzdapelle.com.br",0
"http://www.baza-petushki.ru",6
"http://fortuneroadmedia.com",0
"http://social-plugins.net",3
"http://troop209.net",7
"http://quickio104.iheart.com",0
"http://www.cinderella.net.br",4
"https://sync-xi.getpostman.com",0
"http://www.movieseris.com",1
"http://kadampra.in",1
"http://www.manstyle-minicolor.com",2
"http://lendcore.org",0
"http://ocsp.verisign.com",19500
"http://cdn-chunks.prod.ihrhls.com",0
"https://tps10213.doubleverify.com",1
"http://bhoomart.com",3
"http://widget-cdn.rpxnow.com",68
"https://webappstatic.buzzfeed.com",41
"http://pixel.mathtag.com",20900
"http://img.ads.kompas.com",68
"http://www.kf25zx.com",22
"https://ans.oobesaas.adobe.com",5
"http://www.rutzcellars.com",13
"https://6421234252.mortgage-application.net",1
"http://c.us1.dyntrk.com",1
"http://3designcenter.com",24
"https://client.teamviewer.com",4
"http://www.cnhedge.cn",19
"http://pan.baidu.com",1470000
"http://cnchosp.co.kr",14
"http://app2.fbvlatindom.com",3
"https://cache11.stubhubstatic.com",9
"https://pagead2.googlesyndication.com",9470
"http://clienttemplates.content.office.net",23
"http://www.inkel.co.kr",46
"http://amcshosting.com",0
"http://vid-io.springserve.com",1
"http://ecn.t0.tiles.virtualearth.net",59
"http://hranafina.sfzg.hr",15
"http://enforta.project.itin.ru",3
"http://ecn.t3.tiles.virtualearth.net",63
"http://task.alibench.com",0
"http://media.netseer.com",0
"http://t4.liverail.com",63
"https://graph.facebook.com",285000
"http://l-d-consulting.eu",5
"http://heilpraktikerin-edhofer.de",4
"http://aka.spotxcdn.com",35
"https://go.goroost.com",12500
"https://login.live.com",1640000
"https://platform.twitter.com",231000
"http://hostsil.com.br",4
"http://rt.imgur.com",0
"http://match.rtbidder.net",37
"http://lc55.dsr.livefyre.com",1
"http://ad4.liverail.com",1910
"http://vid.springserve.com",6
"http://www.ninjaeducator.com",3
"https://nrpc.olark.com",2
"http://lnx.2loukin.it",2
"https://clients6.google.com",13800
"http://www.interoperabilitybridges.com",4060
"http://c8.prod.playlists.ihrhls.com",2
"http://mytech-sy.com",4
"https://static.xx.fbcdn.net",18100
"http://herdinitiative.org",6
"http://yoto.co.za",2
"https://polka.typekit.com",7
"http://cdn.tinypass.com",8
"http://us.xs.mookie1.com",4
"http://www.googleadservices.com",168000
"http://novarubalka.com",6
"http://wave.progressfilm.co.uk",3
"http://vast.bp3862928.btrll.com",0
"http://savingfaithchurch.org",8
"http://www.desouthernincs.org",0
"http://slot1.images2.wikia.nocookie.net",48
"https://imp2.ads.linkedin.com",10
"http://www.vpv.cn",12
"https://www.glassdoor.com",49
"http://e.nexac.com",56
"http://api.massrelevance.com",10
"http://ads3.kompasads.com",60
"http://zefirdecor.ro",4
"http://phoneticbells.com",16
"https://dt.adsafeprotected.com",13
"http://www.automobilesdenislefebvre.com",3
"https://tw.yahoo.com",37
"http://4000simin.or.kr",7
"http://ivocaminhoes.com.br",1
"http://ads1.videe.tv",1
"https://csi.gstatic.com",1880
"http://global-concept.yolasite.com",0
"http://galaassociates.com",0
"http://www.neonbassano.com",3
"http://www.acer-laptoprepair.co.uk",1
"http://hotwanrnelrt.com",6
"http://dentalretainer.co.uk",2
"http://i.dailymail.co.uk",50400
"http://starpathholdings.com",3
"http://www.infonetsolutions.in",3
"http://euiro.com",4
"http://redir.adap.tv",25700
"http://limbonganmaju.com",3
"http://www.minhanhtransport.com",1
"http://closingforflorida.com",0
"http://redstargarage.com",2
"https://www.facebook.com",73600000
"http://dinogas.com.mx",10
"http://loadus.exelator.com",42300
"https://api.nylas.com",10
"http://webchat.freenode.net",84500
"http://js.hs-analytics.net",16
"http://www.joyfullivingnow.net",0
"http://www.imobiliario-santandertotta.com",4
"http://rainbowsystem.in",2
"https://www.googleadservices.com",41
"http://minhanhtransport.com",5
"http://service-paypal-information.sweddy.com",10
"http://audiocomalbany.com.au",3
"https://token.services.mozilla.com",33
"http://technicalgroup.ae",3
"http://www.microsoft.com",74100000
"http://ugrl.net",7
"http://dmp.truoptik.com",3
"http://api.mixpanel.com",1020000
"https://pr.ybp.yahoo.com",21
"http://www.artistsoftanzania.org",16
"http://data.nba.com",17
"http://www.moudaty.com",5
"http://image2.pubmatic.com",15800
"http://rtb-csync.smartadserver.com",24
"https://d.la1-c1-phx.salesforceliveagent.com",0
"http://www.firstclasstransfers.com.au",3
"https://ul1.dvtps.com",7
"http://viktorkunst.a10ne515439.415.com1.ru",0
"http://55fe03dda58782364f6b9cb8018fa95adaacccef.googledrive.com",0
"https://live-ssl.cdn.spongecell.com",23
"http://www.cheapcolumbusproperties.com",1
"http://boys2mennc.com",1
"http://clienteprotocolo-ricardoeletro.com.br-ofertas-10930293.fundodobau.net",0
"http://directseafoods.co.uk",3
"http://slack.socket.io",9
"https://mtalk.google.com",10
"http://aaronmaxdesign.com",8
"http://php-filemanager.net",1
"http://landtitlesouth.com",6
"http://pbs.twimg.com",487000
"http://polofactory.in",2
"http://gycem-byxax.dashbida.com",0
"http://lenguyen.vn",2
"http://naso.punjabdetective.com",2
"https://email.uwsp.edu",9
"http://www.shape-love.org",0
"http://cc-gastro.de",5
"http://www.greenislandtlc.com",9
"https://office.mailbox.org",12
"http://cronoscapital.com.mx",3
"https://vimeo.com",9110000
"http://ping.chartbeat.net",75
"http://drperfeng01uswest.cloudapp.net",0
"http://b.scorecardresearch.com",1750000
"http://e.visualdna.com",6
"http://dinas.tomsk.ru",8
"http://www.nbawallpaper.org",0
"http://www.hotel-beskyd.cz",27
"http://cndoubleegret.com",7
"https://scss-prod-ue1-notif-11.adobesc.com",0
"https://api.plantronicsmanager.com",0
"http://www.carry4enterprises.com",0
"http://glamorous.hk",2
"http://www.ysgrp.com.cn",17
"http://strykertoyhaulers.com",1
"http://3-cache11.stubhubstatic.com",3
"http://www.motorati.co.nz",2
"http://elektrosoft.com.mk",3
"http://www.bhserviceassistencia.com.br",2
"http://theconroysflorist.com",1
"http://www.schmalbach.co.ma",2
"http://andorre.net",25
"http://thanyascl.com",5
"http://v4.moatads.com",14
"http://mebel-ot-mukhina.ru",4
"http://unitedstatesreferral.com",22
"http://thecomfortclamp.com",0
"http://cdn2.jomashop.com",10
"http://ecn.t1.tiles.virtualearth.net",76
"http://s2.algovid.com",0
"http://www.livehelpnow.net",7120
"http://www.restaurant-les2ports.com",6
"http://i0.wp.com",136000
"http://bit.ly",7670000
"http://www.shikharbhattarai.com",4
"https://ssl.gstatic.com",26500
"http://api.gooanalytics.com",0
"http://cdn1.jomashop.com",0
"http://images.taboola.com",70
"http://excelcontractor.com",5
"http://footage.latitude30.com.au",0
"http://pmmonlinemarketingsystem.com",3
"http://www.waficsaab.com",14
"http://secure.livechatinc.com",68
"https://pbs.twimg.com",439000
"http://vast-log.videe.tv",4
"http://t-katun.ru",5
"http://adminweb121.moonfruit.com",2
"https://r8---sn-vgqs7ne7.googlevideo.com",1
"http://plg1.yumenetworks.com",17
"http://homebakingmastery.com",10
"http://ymailverify.azweigel.com",1
"http://www.whitepages.com",4550000
"http://i2.cdn.turner.com",137000
"http://163-ohf-280.mktoresp.com",0
"http://multiparts.ro",3
"http://video.kompas.com",4
"https://cm.g.doubleclick.net",66300
"https://dmp.tidaltv.com",0
"https://pixel.adsafeprotected.com",2170
"http://assets.kompas.com",1810
"http://na.adm-kbr.ru",50
"http://ihort.com.tw",1
"http://assets.razerzone.com",2300
"http://confiagro.com.br",0
"https://s.adzmath.com",6
"https://app-sj03.marketo.com",2
"http://divorcecarbuyers.com",1
"http://www.deltavalue.co.uk",1
"http://ap.lijit.com",3770
"http://www.cnn.com",13400000
"http://estudioiorfida.com.ar",3
"http://www.evengreen.co.il",6
"http://www.acmeprofessionalsindia.com",1
"http://ads.pubmatic.com",14600
"http://web.skauting.cz",3
"https://chp.tbe.taleo.net",6070
"http://www.bing.com",33200000
"http://kiola.com.br",3
"https://om-datacollector.ipass.com",0
"http://icplit.org",14
"https://v.cdn.vine.co",9480
"http://carcarryingexpress.com.au",2
"https://beap.gemini.yahoo.com",99
"https://staticchp.tbe.taleo.net",6
"http://www.gannett-cdn.com",32200
"http://bmwclubavto.ru",35
"http://sumberjayaaroma.com",0
"http://pippio.com",19
"http://www.chromads.net",0
"https://lciapi.ninthdecimal.com",1
"http://t.co",9420000
"http://sorgurehber.site",0
"http://zhovkva-tour.info",10
"http://update.pan.baidu.com",9
"https://cdn-static-secure.liverail.com",52
"https://fpt.live-partner.com",7
"http://jenningsphotographics.com",1
"https://s-b-ap.dp.yahoo.com",0
"http://dc218.4shared.com",1170
"https://code.createjs.com",5330
"http://styx-river.com",15
"http://www.goglobalocity.com",11
"http://magnetic.t.domdex.com",58
"http://www.educa.jcyl.es",389000
"http://www.3designcenter.com",3
"http://amiscience.com",3
"https://ads.yahoo.com",42
"https://webmedia.hrblock.com",2
"http://tiny.cc",1680000
"http://adsby.bidtheatre.com",26
"http://segurojf.bget.ru",0
"http://travcult.com",11
"http://seth.riva-properties.com",0
"https://match.adsrvr.org",24
"http://vastx.moatads.com",1
"http://www.honorshaven.com",83
"http://webmail.mhcable.com",18
"http://dpm.demdex.net",79
"https://api.vanguard.com",2
"http://www.arshdeepwedsmansimran.com",3
"http://www.l-d-consulting.eu",4
"http://rpt.cedexis.com",26
"http://www.getjoys.net",49
"http://partner.googleadservices.com",29400
"http://cdn3-b.bonitasoft.com",2
"https://securepubads.g.doubleclick.net",3610
"http://roxburghparkdental.com.au",2
"http://www.newsofnepal.com",24600
"http://charitypoloclassic.com",5
"http://www.apteka2000.com.pl",8
"http://www.particuliers-accueilhtm.com",0
"https://lp-push-server-805.lastpass.com",0
"https://z.moatads.com",3470
"http://i2.ebayimg.com",25700
"http://cdn.odc.officeapps.live.com",10
"http://aktrack.pubmatic.com",79
"http://ct187.dsr.livefyre.com",0
"http://www.hyundaitanphu.vn",0
"http://view.s6.exacttarget.com",85
"https://scontent.ftpa1-2.fna.fbcdn.net",1140
"http://geo.moatads.com",7
"http://www.jejujunkyard.co.kr",3
"https://lp-push-server-717.lastpass.com",0
"http://service-paypal-information.gtllc.com",10
"http://world.yam.com",36
"https://static.adsafeprotected.com",15200
"http://zhengxing.onlinedj.com.cn",9
"https://p.brsrvr.com",0
"http://digg.com",491000
"http://pipboy.btrll.com",0
"http://goodwillministry.org",4
"https://self-repair.mozilla.org",24
"http://geo-um.btrll.com",22
"http://www.accuweather.com",10600000
"http://tata-bitgravity.cedexis.com",4
"http://www.calilsalles.com.br",3
"http://aquaflora.info",10
"http://ip-173-201-135-29.ip.secureserver.net",0
"http://www.dmega.co.kr",18
"http://www.cmoney.tw",124000
"http://gethsemanefilm.com",2
"http://players.brightcove.net",3390
"http://ib.adnxs.com",79600
"http://s7.addthis.com",43100
"http://static5.businessinsider.com",2490
"http://maxlines.com.tr",4
"http://core-services.org",4
"http://alanstrack.com",6
"http://p.liadm.com",17
"http://www.inkospor.it",45
"http://www.w3schools.com",2790000
"http://hjartholm.no",11
"http://neilmacqueen.com",6
"https://network.bazaarvoice.com",2
"https://www.yammer.com",636000
"http://www.exposign.nl",10
"http://ocsp.usertrust.com",5150
"http://pespn.chartbeat.net",1
"http://www.318newportplace.com",1
"https://www.linkedin.com",5140000
"http://www.eglenceturu.com",1
"http://twimg.edgesuite.net",7140
"https://beacon.krxd.net",22
"https://sb.scorecardresearch.com",644000
"http://b.ifmnwi.club",4
"http://sb.xxyy111.com",2
"https://ads.mediaforge.com",2
"https://servedby.flashtalking.com",65
"http://cafegransasso.com",6
"https://abs.twimg.com",9220
"http://www.posicionweb.net",43
"http://cafebu.com.au",15
"http://www.saramymensinghbd.org",5
"https://connect.facebook.net",41400
"http://www.zdtyn-agrochovas.cz",9
"http://sinarbaruperkasa.com",2
"http://www.hypesphere.com",22200
"https://pixel.facebook.com",38300
"https://s.w.org",80900
"http://hnyjdw.com",15
"http://hofstetterfam.com",3
"http://img-s-msn-com.akamaized.net",22400
"http://locations-dordogne-sarlat.com",4
"https://tr.im",773000
"http://mirdiskov.kz",3
"http://loadr.exelator.com",29
"http://video.moatads.com",10
"http://newguardrail.com.au",1
"http://droneview.tv",5
"http://www.pmmarket.cn",26
"http://screeningnsurgery.com",8
"http://assets.cloud.techsmith.com",0
"http://hindistancevizisuyu.com",0
"http://cm.g.doubleclick.net",169000
"https://v4.moatads.com",5
"http://up.massrelevance.com",10
"https://getpocket.com",23500
"http://superpana.com",5
"http://www.webdizajn-ar.com",3
"http://mtmusic.net",2
"http://oystatic.ignimgs.com",43
"http://gaujaspartneriba.lv",1
"http://www.hnyjdw.com",23
"http://www.brokenshadows.net",3
"http://imedia.com.mt",1
"http://whatsapp-messenger.whatsapp.com-contact.playatsapp.com",7
"http://mpc.mxptint.net",15
"http://elevangelistadefuego.com",7
"https://d.adroll.com",61
"http://reinhards.sf-kunden.de",6
"http://itapoacontainers.com.br",6
"http://metrics.cnn.com",27
"https://m.addthis.com",23
"https://c.betrad.com",3660
"http://www.ew.com",1570000
"http://www.studio-tana.cz",4
"http://ak.dynamic.t0.tiles.virtualearth.net",14
"https://adserver.adtechus.com",41
"http://images.outbrain.com",14400
"http://globalsuccess-groupe.com",0
"http://c.betrad.com",1640
"https://scss-prod-ue1-notif-6.adobesc.com",0
"http://ak.dynamic.t3.tiles.virtualearth.net",16
"http://odr.mookie1.com",6
"http://www.centennialpainters.com",0
"http://civid-mazerri.com",0
"http://www.traduciamo.it",34
"http://www.beneficiosamex.com.ar",19
"https://docs.google.com",3740000
"https://static.asm.skype.com",8
"http://c.statcounter.com",549000
"https://googleads.g.doubleclick.net",369000
"http://smkfadris.sch.id",6
"http://vastservice2.dashbida.com",0
"http://bam.nr-data.net",84
"http://esparanza.com",3
"http://www.burinvest.co.mz",1
"http://www.dailymail.co.uk",2550000
"http://golden-corner.com",9
"http://ibc14.com",8
"http://www.mysmartinternet.com",3
"https://sniff.visistat.com",19
"https://p.rfihub.com",35
"http://polling.bbc.co.uk",25
"http://adadvisor.net",1960
"http://ip-23-229-147-12.ip.secureserver.net",4
"http://mktalternativa.com",2
"http://santanderonline.byethost6.com",0
"http://bobcareyphoto.com",11
"http://encantartecomunicacao.com.br",1
"https://i.imgur.com",262000
"http://px.adhigh.net",15
"http://mve.btrll.com",1
"http://www.51jianli.cn",10
"http://www.ultrasafe.us",4
"http://www.conaitresolutions.com",5
"https://ws.pusherapp.com",1
"https://www.healthpartners.com",1390000
"http://beacon.krxd.net",3390
"https://us-ads.openx.net",12
"http://www.ok.ru",31
"http://designqaqc.com",3
"http://mobilesuitervs.com",4
"http://www.bluga.com.ar",6
"https://use.typekit.net",2520
"http://concordwest88.com",1
"http://ant.co.id",1
"http://allanskov.dk",1
"http://simplybeautifulhairboutique.com",9
"http://cloudfront-labs.amazonaws.com",43
"http://netdatabio.com",1
"http://login.live.com.ryancantargraphics.com",0
"http://ox-d.fark.servedbyopenx.com",1
"http://www.omgmeow.com",3
"http://mercurysportsproducts.co.uk",4
"http://drivesafeontario.ca",7
"http://www.ginfovalidationrequest.com",2
"http://performanceoutdooradvertising.com",4
"http://shikharbhattarai.com",5
"https://www.hnyhnyhny.com",2
"http://denisejhughes.com",20
"http://www.proga.pl",5
"https://mpp.specificclick.net",1
"https://lp-push-server-233.lastpass.com",0
"http://siucxaalumni.com",1
"https://cdn.tinypass.com",5
"http://download.cdn.mozilla.net",44900
"http://www.mercurylounge.co.ke",9
"http://ip-50-62-53-86.ip.secureserver.net",0
"https://sjc-132.sjc-rtb1.rfihub.com",0
"http://front.pixfs.net",9
"http://www.degestiones.com",4
"http://allstarpublicidad.com",2
"http://www.dentistkart.com",5
"http://www.wordquran.com",4
"http://www.fofikri.org",3
"http://script.crazyegg.com",4730
"https://choices.truste.com",50
"http://laboratoirebiosoleil.com",0
"http://streamer.money.cnn.com",1
"http://ethnophonie.ro",1
"http://as.eu.angsrvr.com",35
"http://mean.io",12700
"https://platform.linkedin.com",24000
"http://saglikdefteri.com",2
"http://www.statewidelighting.com",19
"http://lacapullanaancash.com",2
"http://wizbrain.in",0
"http://carrierdesign.com",5
"http://rboby06.perso.sfr.fr",0
"http://spotcampus.com",5
"https://a248.e.akamai.net",261000
"http://tps30.doubleverify.com",52
"http://www.kingswoodbuildingservices.co.uk",1
"http://ww.daliulian.net",41100
"http://miserupdate.aliyun.com",26
"http://royaltystaffing.org",4
"http://hyundaitanphu.vn",1
"http://www.avrora-tula.ru",41
"http://l.betrad.com",31
"http://theeventmachine.com",9
"http://eduemprende.cl",6
"https://hl2rcv.adobe.com",5
"http://www.keysha.info",8
"http://l3.yimg.com",37800
"http://vast.bp3850438.btrll.com",1
"http://angecol.com",2
"https://c1.rfihub.net",38
"http://howdoeslifework.com",0
"http://www.tmrs.com.cn",45
"http://d.agkn.com",105
"http://insights.hotjar.com",48
"http://c2s-openrtb.liverail.com",5
"http://www.easvarahospital.com",14
"http://www.sriyaan.com",6
"https://uscentral41.myserverhosts.com",3
"http://www.liderkirici.com",10
"http://businessvejle.dk",7
"http://pixel.moatads.com",5
"http://naught.org",5
"http://tr.im",622000
"http://exchange4art.com",5
"https://fdp-a.akamaihd.net",1
"http://global.fncstatic.com",2110
"http://us-u.openx.net",71
"http://www.ehsasfoundationinternational.org",2
"http://nicecellphone.info",5
"http://ak.dynamic.t2.tiles.virtualearth.net",23
"http://crawfordperformanceengineering.com",10
"https://armmf.adobe.com",41
"http://tags.bluekai.com",19200
"http://itbusinesssolution.in",1
"https://kes.skype.com",0
"http://beauty-plus.co.uk",3
"http://menjangan-mtr.com",3
"http://platform.twitter.com",2240000
"http://ak.dynamic.t1.tiles.virtualearth.net",17
"https://deltaairlines.tt.omtrdc.net",0
"http://recantoacacias.com.br",3
"http://librarylions.com",5
"https://log-microsoft.videodesk.com",0
"http://aws-us-west.videodesk.com",0
"https://dentistkart.com",4
"http://www.bctm.com.au",6
"http://mymilitarytravel.com",3
"http://www.mediterraneanfoodcatering.com",4
"https://cdn.stickyadstv.com",1
"http://crl.microsoft.com",2350000
"http://towarzystwo.mosciska.eu",5
"https://www.pivotaltracker.com",7750
"http://www.calizascapri.com",11
"http://vaginismusmd.com",2
"http://www.shajipaints.com",3
"http://resgatehoradeouro.com.br",2
"http://centrum-bzwbk.top",0
"https://128576591.log.optimizely.com",0
"http://www.qayyumabdulhalim.com",1
"https://sync.xmarks.com",7
"http://cepad-vakov.dashbida.com",0
"http://www.acquirewealths.com",1
"http://santonsofbendigo.com.au",2
"http://forest-camp.ru",7
"http://www.googletagservices.com",95500
"https://tw.money.yahoo.com",34
"http://www.mktalternativa.com",3
"http://a57.foxnews.com",3240
"https://media.licdn.com",11700
"http://7b691338da317ee752ffc8ecf2393850.clo.footprintdns.com",0
"http://cupcakebrown.com",4
"http://www.aroraspices.com.au",3
"http://ladiversion.noticiascreibles.info",3
"http://pixel.wp.com",3830
"http://cluj-case.ro",0
"http://securisuresolutions.com",7
"http://post.gabrielatapia.mx",2
"https://scontent.xx.fbcdn.net",432000
"http://i.w55c.net",82
"http://ftpkoodzabelgium.backloopproductions.com",0
"http://vassg142.ocsp.omniroot.com",34
"http://www.sexyblackhot.com",1
"http://www.bobbyfritz.org",1
"http://6iyn6bz9.myutilitydomain.com",3
"http://maomaopi.net",3
"http://aquasoftllc.com",2
"https://www.google.com",1.27e+08
"http://www.investstlucia.com",33
"http://bintango.xyz",1
"http://ereznir.co.il",12
"http://screencast.com",149000
"http://www.onlinebanksguide.com",7820
"http://sparkdeal.in",10
"http://myaccount.earthlink.net.in",1
"http://www.marinephotos.com",4
"http://azofeifacollection.com",5
"http://grotown.com",4
"http://www.flamiro.ro",1
"https://f.vimeocdn.com",3140
"http://simplyeventorganisers.com",5
"http://www.oneworldimmigration.ca",0
"http://static.bbc.co.uk",15
"http://store.zoovet.ru",74
"http://www.medicalcourses4u.com",3
"http://www.eastwright.com",10
"http://vast.yashi.com",14
"http://www.renewableresources.biz",2
"http://info--security.at.ua",0
"http://ok-portal.mail.ru",12
"http://www.thecurrent.org",56600
"http://www.donaldsimpson.co.uk",12
"https://snagittudi.techsmith.com",0
"http://pool.adizio.com",11
"http://i-m.mx",98
"http://indianfriedchicken.net",4
"http://thipan.com",2
"http://home.bitintern.com",0
"http://www.espncricinfo.com",515000
"http://webmail.visi.com",5
"http://cartridgegreen.ie",6
"http://55x6d1oo46s209smp10ge1wlsl.wpengine.netdna-cdn.com",3
"http://wvat.the-glasshouse.co.uk",2
"http://boomerxsoftware.com",5
"http://mobile-facebook-com.com",2
"https://twitter.com",8080000
"http://br-s-timing.btrll.com",0
"http://www.trendsspotting.com",8790
"http://ingespanermedimpact.com",5
"http://bd38707b8a27a2a861e974d0459134a362cf0ec2.googledrive.com",0
"http://app-facebook.mundito.club",0
"http://pouoiihekjwjhfiogwevjhcd.auraaviation.com",0
"https://r3---sn-vgqs7nlk.googlevideo.com",1
"http://e-uard.bg",6
"http://www.savingfaithchurch.org",8
"https://www.rnengage.com",6
"http://www.incubadorasavicola.cl",5
"http://www.lirnerick.xyz",0
"http://video.monarchads.com",0
"http://www.tcfmorehead.org",6
"http://cutt.us",427000
"http://monteshouse.com",9
"http://hotelatlantic.ro",13
"https://r3---sn-ufuxaxjvh-q4fe.googlevideo.com",0
"http://rover.ebay.com",1120000
"https://r12---sn-nwj7km7e.googlevideo.com",0
"http://www.i.cdn.cnn.com",7
"http://blownfreaks.com",14
"https://tag.perfectaudience.com",30
"https://hrsecsynd-a.akamaihd.net",4
"http://rmailglobalservtick.com",7
"https://stats.g.doubleclick.net",6570
"http://www.celiksistemler.com",6
"https://cdn0.forter.com",2
"https://l.betrad.com",11
"http://hidxenonlights.com",2
"http://www.photobooths2u.com",3
"http://www.alphaomegahomes.net",0
"http://zor.fyre.co",44
"https://bam.nr-data.net",85
"https://um2.eqads.com",10
"http://pageurl-brx.btrll.com",1
"https://x.bidswitch.net",21
"http://carideoconcepts.com",0
"https://www.delatierra.com.mx",6
"http://mail.irejuven.com",0
"http://odb.outbrain.com",70
"http://jnqiou2h4o.com",10
"http://www.bjcurio.com",35
"http://widget.kompas.com",5
"https://aus5.mozilla.org",38
"http://www.aartsennsomers.net",2
"http://espaces--ameli.com",6
"http://cm.adsafety.net",5
"http://potbnb.com",7
"http://www.dircobuilders.co.za",2
"http://marketinghallindustry.yolasite.com",0
"http://news.sinequanone.com",0
"http://yseg.wapka.mobi",0
"http://caribbeanservicesa.com",4
"http://golfsquidblog.com",5
"http://bj.t.bcsp2p.baidu.com",0
"http://www.fallingfalcon.com",4
"http://stage1.afghancuisine.com.au",2
"https://secure-gl.imrworldwide.com",22
"http://xpda.com",53
"http://www.fexton.com",8
"http://wsc1.webspectator.com",2
"http://d10iajh91yp7e0.cloudfront.net",0
"http://rtd.tubemogul.com",62
"http://84.39.232.163",0
"http://nordicspice.se",12
"http://digitosnet.com.br",2
"http://fra1.ib.adnxs.com",99
"http://sds.livesegmentservice.com",1
"https://features.v1host.com",0
"http://www.cirqueentertainment.com",3
"http://paypalbooster2013-latina.blogspot.com.es",0
"https://retirementplans.vanguard.com",10700
"http://shakti.sunaarise.com",2
"http://miexs.com",1
"http://bigfishingshop.com",2
"http://www.alpaktemizlik.com",6
"http://www.theheritage.com.cy",4
"http://nc100bw-pa.com",8
"https://cdnjs.cloudflare.com",42400
"https://falcon-investment.com",0
"https://r7---sn-ufuxaxjvh-q4fe.googlevideo.com",0
"http://s70.n57.n84.n66.static.myhostcenter.com",5
"https://s.yimg.com",376000
"http://nicolettescatering.com",9
"https://r3---sn-vgqs7ney.googlevideo.com",0
"http://video.foxnews.com",343000
"http://bat.bing.com",22300
"http://www.fotoboat.in",0
"http://nevadostrong.com",2
"https://online.americanexpress.com",247000
"https://odr.mookie1.com",6
"http://pix04.revsci.net",6130
"https://compatexchange1.trafficmanager.net",3
"https://s-am-ap.dp.yahoo.com",1
"http://miramedical.com",4
"https://netsecure.adp.com",94900
"https://scss-prod-an1-notif-11.adobesc.com",1
"https://livepassdl.conviva.com",20
"https://likeabosh.hipchat.com",0
"http://www.terrain-designs.co.uk",4
"http://www.interkom-foundry.ru",1
"http://vpc.altitude-arena.com",10
"http://s1.q4cdn.com",61400
"https://na6.salesforce.com",49600
"http://abris.montreapp.com",9
"http://www.olympicaruba.com",26
"http://kolbecassadywedding.com",13
"http://www.fastandfurious6trailer.com",1
"http://boxgaleria.com.br",0
"http://www.ayushbrass.net",0
"http://rtb.altitude-arena.com",1
"http://ox-d.wikia.servedbyopenx.com",6
"http://161nail.ru",1
"https://lp-push-server-698.lastpass.com",0
"https://atom-installer.github.com",19
"http://psicologiadellaudiovisivo.it",5
"https://ad.adlegend.com",9
"http://musikcity.mus.br",11100
"http://www.mid-island-granite.ca",3
"https://adf.ly",270000
"http://secure-us.imrworldwide.com",1490
"http://approved.webair.com",0
"http://www.alfim.net",14
"https://p4-cjua3pardoan6-viveeueiejmhfmg4-if-v6exp3-v4.metric.gstatic.com",0
"http://chandelshops.com",3
"http://big-online.ldcinfo.com",0
"http://sacramentoslotmachinerepair.com",2
"http://www.eastlakesupport.com",3
"http://chemtrailforecastnetwork.com",3
"http://koide-woodtoys.co.jp",1
"http://haldforsamlingshus.dk",4
"http://textil-grosshandel.eu",4
"http://api.bounceexchange.com",11
"http://georgetrueviews.com",3
"http://www.rmailglobalservtick.com",8
"http://static.hotjar.com",1490
"http://www.wildlogic.com",1
"http://2912a.v.fwmrm.net",18
"https://www251.americanexpress.com",2
"http://barrystevensbusinesssoftware.com.au",0
"http://lafirmalegal.com",5
"http://www.kirktonhall-west-kilbride.org",2
"http://asdpublicidade.com.br",1
"http://olympicaruba.com",4
"https://r4---sn-vgqsenly.googlevideo.com",0
"https://t.scdn.co",2
"https://0cf2cbff5a96ef655daf075e9a5f1c6506a1d378.googledrive.com",0
"http://cybertechau.com",3
"https://genuine.adobe.com",5
"http://trc.taboola.com",3220
"http://www.jordanap.com",3
"http://fb-safetycntre.atwebpages.com",0
"http://www.blackwoodatelier.com.au",3
"http://www.amazinggracefashion.com",0
"http://www.aandgtrading.com",6
"http://torahacademymil.org",3
"http://www.recantoacacias.com.br",4
"http://www.oreglak.hu",9
"http://photos3.zillowstatic.com",9
"https://pixel-geo.prfct.co",16
"http://godofman.com.ng",2
"https://digitalriverinc.harvestapp.com",0
"https://media.qvc.com",2
"http://f.dailymail.co.uk",20
"http://www.zenithtradinginc.com",6
"http://www.ambitgroup.org",13
"https://roaming.officeapps.live.com",17
"http://www.africanblackantpills.com",3
"http://auzonep.com.au",5
"http://neptun8.ru",7
"https://cdn.goroost.com",2
"http://www.home-tech.com.ar",3
"http://xprs.imcreator.com",13300
"http://teknosystem.cl",4
"http://vaporsofamarketing.com",3
"http://lt.andomedia.com",6
"https://sjc-174.sjc-rtb1.rfihub.com",0
"http://fmeltronco.com.ar",2
"https://tps30.doubleverify.com",78
"http://priyankarubbers.com",5
"http://genesisphoto.my",3
"http://rma-api.gravity.com",39
"http://showads.pubmatic.com",64
"http://biosmile.uy",5
"http://www.3c168.com.tw",10
"https://scontent-ord1-1.xx.fbcdn.net",29100
"http://medij.pl",4
"http://checkip.dyndns.org",12000
"http://veltech-indonesia.com",2
"http://www.yaganexpress.cl",4
"http://asset.pagefair.com",74
"http://iphonegeek.me",41
"http://www.doublehhits.com",0
"https://delta.celebrus.com",0
"https://r6---sn-ufuxaxjvh-q4fe.gvt1.com",0
"http://delivery.optimatic.com",4
"https://go.toutapp.com",5
"http://atltattoo.com",1
"https://geo-um.btrll.com",19
"https://googleads4.g.doubleclick.net",33
"http://vignette2.wikia.nocookie.net",32900
"http://app1.fbvlatindom.com",2
"http://csc.beap.bc.yahoo.com",5220
"https://ad-s1.media6degrees.com",2
"http://z.moatads.com",36
"http://36f1f369.mpstat.us",0
"http://centralworx.com",3
"https://rs.gwallet.com",50
"https://video.moatads.com",1
"http://desoft.com.au",5
"http://ts.tiens.com.cn",6
"https://ad.adsrvr.org",20
"http://cubargiejoe.com",13
"http://docbaonet.com",1
"http://josetadeucoraleorquestra.com.br",2
"http://netherlands-icscards2016.it",7
"http://bonitalifecoaching.com",4
"http://www.greenhostings.com",2
"https://static.licdn.com",28800
"http://www.service-paypal-information.gtllc.com",8
"http://gz-a.com",0
"http://www.brinkleynan.com",0
"https://redir.adap.tv",8
"http://unlockyourvideofb4.unlockvideofb.com",9
"http://api.twitter.com",292000
"http://mulich.in",3
"http://googleads.g.doubleclick.net",315000
"http://www.telesport-tv.com.ar",12
"http://davidbrownspeaks.com",2
"http://a.visualrevenue.com",2800
"http://lacajaverde.com",10
"http://www.pandora.com",2960000
"http://bea4.v.fwmrm.net",7
"http://www.obec-zablati.cz",9
"http://www.mylwi.com",15
"http://etiksecimler.com",0
"http://milangardeninn.com",13
"https://ad.doubleclick.net",102000
"http://ocsp2.globalsign.com",6100
"https://cdn3.doubleverify.com",22
"http://ow.ly",5770000
"http://namade.cl",4
"http://chevyofpryor.com",6
"http://binangkitpharma.com",0
"http://canusatools.com",8
"http://turkeytrotrace.com",0
"http://hpr.outbrain.com",4
"https://analytics.twitter.com",1110
"http://www.hpc-byg.dk",1
"http://dry247.com",3
"http://clearchannel.adswizz.com",0
"http://bin.wf",25500
"http://ecn.t2.tiles.virtualearth.net",76
"http://www.grotown.com",3
"http://cdn3.forter.com",1
"http://pal-services.luquidbasswebmasters.gq",0
"https://history.google.com",398000
"http://zevenwall.com",2
"http://80.240.135.75",0
"http://img5.timeinc.net",17
"http://grafilasser.com",2
"https://usefb.adsrvr.org",174
"http://attach2.mobile01.com",98
"http://x3.vindicosuite.com",5
"http://inew.ro",2
"http://www.reggiebox.com",2
"http://bender.spoutable.com",1
"http://www.sacramentoslotmachinerepair.com",2
"http://oasislawns.com.au",4
"http://vigilancia.lapaz.bo",4
"https://support.content.office.net",89
"http://xjbctcky.com",9
"https://www08.clicktale.net",0
"http://rbcholdings.com",5
"http://metrics.brightcove.com",13
"http://www.myuhc.com",2270000
"https://log.dmtry.com",42
"http://www.okeechobeemudding.com",10
"http://www.neumaticone.es",2
"http://rtax.criteo.com",71
"http://www.dinogas.com.mx",3
"http://atterway.com",2
"https://dc.ads.linkedin.com",4
"http://ip-23-229-248-164.ip.secureserver.net",0
"https://adrta.com",21
"http://www.tenai.net",15
"http://southheadlines.com",5
"http://www.petsmao.com",21900
"http://doubledproject.com",3
"http://infonetsolutions.in",5
"http://worldsalsachampionships.com",9
"http://tambopampa.com.ar",6
"https://secure.aadcdn.microsoftonline-p.com",3040
"http://go.kbsolution.home.pl",0
"http://server-1h-r62.ipv4.au.syrahost.com",0
"http://piccolimanutencao.com.br",2
"http://www.sunburst-media.net",0
"http://kinglandscaping.ie",4
"http://ds.serving-sys.com",26300
"http://ajempi.com.br",10
"http://modern-link.com",2
"http://www.razerzone.com",195000
"http://www.mfmazetomatrix.com",6
"http://doruasansor.com",3
"http://www.screencast.com",547000
"http://catv-89-134-186-189.catv.broadband.hu",0
"http://visionbundall.com.au",3
"http://m.addthis.com",4020
"http://clearchannel.deliveryengine.adswizz.com",0
"http://www.leolinepackersandmovers.com",4
"http://www.srhralliance.or.ke",8
"http://teleguardia.com",9
"http://vast.tubemogul.com",1
"http://z.cdn.turner.com",19600
"http://www.sarkanykard.hu",14
"http://patrickheusser.ch",2
"https://www.popularenlinea.com",4850
"http://aldopacchiano.com",22
"http://fagons.com.br",4
"https://fbstatic-a.akamaihd.net",18500
"http://www.service-paypal-information.sweddy.com",9
"http://tps10201.doubleverify.com",0
"http://surf.rollmob.com",1
"http://secure-drm.imrworldwide.com",4
"http://dryeagersbaseball.com",3
"http://cloudvid.cachefly.net",19
"https://mail.google.com",3870000
"https://pubads.g.doubleclick.net",8290
"http://cnyiliu.com",7
"http://kumma.dashbida.com",0
"https://static.sharepointonline.com",23
"https://vendorweb.citibank.com",1
"http://startuptv.us",9
"http://speedyfork.co.uk",1
"http://www.apogeesourceinc.com",1
"http://www.xpertwebinfotech.com",27
"http://www.documentsdropbox.com",1
"https://tps10205.doubleverify.com",0
"http://limelight.cedexis.com",14
"http://www.artinarmenia.com",0
"http://thefashionmermaid.com",2
"http://www.ulcknow.biz",3
"http://pakmetals.com",0
"http://pracadarepublicaembeja.net",6
"http://www.yahoomail.com.samadhilounge.com",1
"https://ad4.liverail.com",4
"http://perfectsmalloffice.com",27
"http://ocsp.digicert.com",14800
"http://acmd.org.tr",0
"http://clientegt.com",2
"http://surubiproducciones.com",9
"http://www.bjart999.com",10
"http://www.carbonic.se",4
"http://www.ezeebookkeeping.com.au",0
"http://allinhosting.co.uk",7
"https://checkout.stripe.com",3450
"http://freemura1.kr",4
"http://prestigedental.co.uk",1
"https://r1---sn-ufuxaxjvh-q4fe.googlevideo.com",0
"http://fhdk.simply-winspace.it",0
"http://www.askgirls.net",1
"http://199.204.248.106",4
"http://hisensese.com",2
"http://www.zaxopoulos.eu",3
"http://beenuinteriordesign.com",6
"http://cdn.hiberniacdn.com",14
"http://korczakmeble.eu",0
"http://zoomsat.com.br",7
"http://paypal.svspicios.com",0
"http://homespottersf.com",5
"http://ecaatasehir.com",0
"http://brz.bujkh.by",14
"http://radiobalsamo.org.sv",5
"http://i.ebayimg.com",48200
"http://www.freemura1.kr",5
"http://www.loucamentesantas.com.br",2
"http://www.hcorganize.com",10
"http://snip.li",52100
"http://logs.isrtb.com",5
"http://cfandfibroliving.com",14
"http://lnx.gouians.it",1
"http://slot1.images.wikia.nocookie.net",1160
"http://service.e542.net",0
"http://onecitymortgage.com",2
"http://www.pjxby.com",6
"https://static-www.elastic.co",2
"http://aic2012.org",0
"https://choices-or.truste.com",4
"http://cdn2.hubspot.net",135000
"http://www.zillow.com",9310000
"https://tps10230.doubleverify.com",4
"http://agent100.ru",2
"http://www.tarhobana.com",0
"http://www.locations-dordogne-sarlat.com",7
"http://ashis33.blogspot.com.es",0
"https://a.tribalfusion.com",8
"http://www.vidyani.com",6
"http://constructionhugolafleur.com",2
"http://cdn.optimatic.com",14
"http://www.atlantaautoinjuryattorneys.com",3
"https://google.com",5250000
"http://www.postosp400.com",4
"http://www.jotes.pl",18
"https://fw.adsafeprotected.com",1290
"https://secure.assets.tumblr.com",4530
"https://a.rfihub.com",15
"http://quieromicomida.com",6
"http://i.cdn.turner.com",703000
"http://www.sexxyfemale.com",3
"http://update-customer-account-info.greenhaus.co.za",0
"http://livewellprojects.com",2
"http://www.caregivertoolkit.ca",5
"http://mbrpublications.net",4
"http://dropbox.download.portalindustrial.cl",0
"http://geo-errserv.btrll.com",2
"http://saminina.com",2
"http://janusprogram.com",7
"https://static.imrworldwide.com",0
"http://push.businessinsider.com",0
"http://www.nh-criminalattorney.com",8
"http://i3.neon-images.com",4
"http://www.lasmoras.com.mx",2
"http://aulas.dimensaoensino.com.br",0
"http://348-quy-258.mktoresp.com",0
"http://www.campusfrancemaroc.info",6
"http://iacwindow.com",3
"http://njh.thelloydsociety.org",4
"http://www.hiniet.net",2
"https://www.gravatar.com",53700
"http://fbsafety-user.at.ua",2
"http://connexity.net",63
"http://www.klidiit.com.br",0
"http://douglasgammer.com",3
"http://udmserve.net",60
"https://chsso.tbe.taleo.net",1
"http://signinebeydllverizonhttpvizitorsssl.kampikon.com",2
"http://persontopersonband.com",4
"http://globalcareer.co.in",2
"http://www.empire-aero.com",3
"http://managedmarketing.net",3
"http://www.sooooz.com",1
"http://negociosvips.com",9
"http://www.pme.cv",8
"http://www.gemteks.com.tr",3
"http://bw.scupio.com",4
"http://californiahousingsolutions.info",9
"https://fonts.dzone.com",0
"http://www.inmobiliariaguadalete.com",2
"http://sitesumo.com",34
"http://oxigenionews.com",8
"http://www.oestemarine.com.br",6950
"http://www.protopage.com",23000
"http://sindcentraldobrasil.com.br",5
"http://www.mincorp.com.ve",4
"http://st.dynamicyield.com",16
"http://www.theleafchronicle.com",31000
"http://reseauxbalets.biz",3
"http://www.dizzytimes.com",49
"https://whoscall.com",20
"http://applications.radiocompazfm.com.br",5
"http://choices.truste.com",70
"http://zoocrewconstruction.co",9
"https://datahub.serving-sys.com",4
"http://www.budgetedbauer.com",5
"http://maika.biz",0
"http://zip.net",605000
"http://www.hotwanrnelrt.com",6
"http://rexortera.com.mx",3
"http://grex-pro.com",2
"http://www.sabe-sabe.com",2
"http://www.ireneandersoncoaching.com",3
"https://52.26.79.41",0
"http://smarticon.geotrust.com",61
"http://modernyear.com",7
"https://cat.ny.us.criteo.com",38
"https://r5---sn-ufuxaxjvh-q4fe.googlevideo.com",0
"http://akwadrat.pl",4
"http://thevgroup.com.au",2
"http://sire-china.com",5
"http://track.eyeviewads.com",20
"http://techsupportanswer.com",0
"http://colegioteresavidela.cl",8
"http://cdn.taboola.com",11400
"http://itunes-cancelorder-verificationclient-id59r8df3h856f.bmxwestel.be",0
"http://www.sos.state.tx.us",705000
"http://www.redebibnelas.cm-nelas.pt",2
"https://cid-81fad2ea47a3bd9e.users.storage.live.com",0
"https://apiservices.krxd.net",12
"http://pubonlineeaccess.com",1
"http://www.migarantia.com.py",9
"http://caeop.org",9
"http://www.gekoo.com.tr",3
"http://match.rundsp.com",29
"http://www.blakewoodinvestments.com",1
"https://contacts.skype.com",7
"http://vermontmapleoutlet.com",6
"http://www.trioptafrica.com",2
"http://ad-audit.tubemogul.com",0
"http://dresurapsa.com",13
"https://69.167.144.17",0
"http://tenzing.fmpub.net",20
"http://static2cdn1.videe.tv",0
"http://jraautotracker.com.br",5
"https://sp.analytics.yahoo.com",49
"http://strikefirstnutrition.myorgworks.com",1
"http://paypal.com-cgi-bin.gq",0
"https://sync.mathtag.com",19
"http://donkeystoo.net",8
"https://lp-push-server-529.lastpass.com",0
"http://vast.bp3857501.btrll.com",2
"https://us.data.toolbar.yahoo.com",36
"http://theberryplace.com",3
"https://upload.facebook.com",54
"http://iosrenewals.co.uk",1
"http://bfm-new.net",1
"http://gsnipermoneysecret.com",5
"http://ctlinsagency.com",3
"http://paddlesportsinternational.com",6
"http://www.runupmetropolitan.com.br",5
"http://termitoos.co.il",1
"http://www.socolat.info",0
"http://lovemura.net",6
"http://www.gemanavarro.es",10
"http://plg2.yumenetworks.com",5
"http://om-updater.ipass.com",2
"http://www.vaporsofamarketing.com",1
"https://nova.collect.igodigital.com",8
"http://www.anbasiapacific.com",16
"http://internal.adu.org.za",15
"http://www.imagemdominio.com.br",8
"https://ib.adnxs.com",72
"http://217.16.9.28",1
"http://www.bakersfieldscottishrite.org",4
"http://www.streamingmediaventures.com",8
"http://www.groupe-rbs.fr",12
"http://naturalkillercells.com.au",12
"http://www.whatsmyip.us",9530
"http://bc.vc",502000
"http://www.chinookbioag.com",4
"http://www.vestegnensminibus.dk",5
"http://info.tangiblee.com",0
"http://www.euromovers-ae.com",23
"http://www.safarigorilla.com",8
"http://gdxjabh.com",3
"http://speedsociety.com",22100
"https://turbotax.demdex.net",2
"http://video-meditations.ru",16
"http://www.equiposgb.com",1
"http://rentafacil.net",5
"http://cityfixie.com.au",0
"http://afs.moatads.com",8
"http://rccgpavilion.org",5
"http://itsupport.56060.in",5
"http://www.sos.state.mn.us",809000
"http://www.ayahealingcenter.org",1
"http://rin4.dizinc.com",3
"http://bopindia.com",2
"http://akabench.cedexis.com",7
"http://erlas.com.tr",2
"http://luxmura.net",8
"http://bethlehemhost.net",8
"http://static-hp-cus-s-msn-com.akamaized.net",0
"http://www.escolavitoriaregiacz.com.br",0
"http://vrp.outbrain.com",8
"http://youchuski.pl",5
"http://marinhorosario.com",2
"https://staticxx.facebook.com",13400
"http://synergybikes.com",2
"http://effectaudio.com",7
"http://aspconcrete.com.au",2
"http://vir.wsj.net",6
"http://www.riva-properties.com",3
"https://chat2.sightmaxondemand.com",3
"http://wcdn.tangiblee.com",0
"http://raw-production.com",3
"http://rtb-brx.vindicosuite.com",0
"http://sindju.org.br",8
"http://ginfovalidationrequest.com",4
"http://mc1.maps.live.com",2
"http://metaphysicalsecuredpdf.metaphysicalhypnosistechniques.com",0
"https://d5nxst8fruw4z.cloudfront.net",614000
"http://www.frutiboni.com",3
"http://www.lafayettebeauty.net",5
"http://www.cemkece.org",2
"http://donignaciologistica.com.ar",5
"http://mylwi.com",7
"http://embedly.massrelevance.com",2
"http://www.paypal-update-info.com",0
"http://www.paracompras.com",2
"http://www.apex6.com",8
"http://kioytemi9.ga",0
"http://svadba-ewa.ru",9
"http://live.sekindo.com",11300
"http://www.freemake.com",401000
"http://eclectyx.com",2
"http://www.matteopizzi.it",4
"http://vidtech.cbsima.com",13
"http://sy.eu.angsrvr.com",17
"http://brightcove.vo.llnwd.net",4920
"http://algodonerosdesanluis.com.mx",12
"http://www.nicholsonstudio.com",5
"http://dogansoyelektrik.com",3
"http://www.raspunsuri.info",13
"http://www.museodellaliquirizia.it",56
"http://www.puli-hostel.com.tw",9
"http://transport-chimice.ro",2
"http://arena.altitude-arena.com",6
"http://construlocker.com",3
"http://sync.mathtag.com",2070
"http://p.rfihub.com",1680
"http://px.owneriq.net",1030
"http://kikidoor.ro",6
"http://www.theeventmachine.com",0
"http://i1.ebayimg.com",5960
"http://delmoro.ru",49
"http://www.ctarbitration.com",2
"http://www.importarmas.com",74
"http://static.adsafeprotected.com",7400
"http://bulldogmiami.com",1
"http://www.scnuote.cn",4
"http://img.fark.net",2550
"http://treentops.com",0
"http://mehmetuyar.com",2
"http://graph.facebook.com",161000
"http://ppz.zillowstatic.com",4
"http://tds.leolist.cc",1
"http://new.fullbodywine.com",4
"http://franklinaugustto.com.br",0
"http://www.rosinski.net.pl",8
"http://www.rogersandstephens.com",3
"http://798.pl",3
"http://www.mehmetuyar.com",4
"http://ir.ebaystatic.com",3910
"https://click.clktraker.com",0
"http://tags.rllcll.com",1
"http://baranda.co.uk",0
"https://ads.w55c.net",23
"http://medicard.com.ua",4
"http://theblockrestaurant.net",10
"http://usedfloridatravelhomesforsale.com",4
"http://thehapstore.com",2
"http://rtb.gumgum.com",35
"http://gmtdmp.mookie1.com",17
"http://nosphil.com.ph",6
"http://bjart999.com",2
"http://mobile-solition.co",2
"https://lp-push-server-963.lastpass.com",0
"http://www.godofman.com.ng",3
"http://ads.rubiconproject.com",1770
"http://www.otomotolife.com",3
"http://zorattoproductions.com",1
"http://emalbosaat.com",2
"http://darlanoliveira.adv.br",3
"http://www.blackantking.info",3
"http://cs600.wac.edgecastcdn.net",3
"https://d.btttag.com",0
"http://mediaserver-cont-sv3-1-v4v6.pandora.com",1
"http://balayeskwela.com",3
"http://goo.cl",15600
"http://jaaeza.com",7
"https://2975c.v.fwmrm.net",8
"http://www.dekoratiff.com",2
"http://pixel.adsafeprotected.com",5040
"http://zn_4slwdofs4ykbmhc-espn.siteintercept.qualtrics.com",1
"https://engine.a.redditmedia.com",1
"http://www.fbcancelblockcode28.fnhost.org",0
"http://list.mlgnmx.com",7
"http://www.bellastyledesign.com",1
"https://31.media.tumblr.com",34800
"http://top20moda.com.br",2
"http://aor.gr",14
"http://www.softforyou.pl",7
"http://agreco.co.uk",0
"http://nigeriavoguejournalism.org",2
"http://kitchenkidsmeals.com",2
"http://www.sistemasactivos.com",22
"https://dptr.areyouahuman.com",10
"https://36.media.tumblr.com",25200
"http://static4.businessinsider.com",4960
"http://www.schemislitsa.by",4
"http://www.altivexfoundry.com",8
"https://q.adrta.com",10
"http://badgerlandautos.com",4
"http://www.realhelpsout.com",8
"http://www.supersignfactory.com",14
"https://s2.googleusercontent.com",2120
"http://choices-or.truste.com",8
"https://ag.yieldoptimizer.com",3
"http://ams1.ib.adnxs.com",2320
"http://prolocotrichiana.it",1
"http://www.prolink.co.il",5
"https://api.amplitude.com",10
"https://cti.w55c.net",8
"http://www.furman.kz",5
"https://r18---sn-vgqsen7r.googlevideo.com",0
"http://studyofpmb266.biz",2
"http://3oclockclub.com",6
"http://enmal.com",1
"http://www.denisejhughes.com",4
"http://sirithaipdx.com",7
"https://eqv-425.eqv-rtb1.rfihub.com",0
"http://www.darkermindz.com",3
"http://marlinwash.com",5
"http://avengersalliance2.wikia.com",19
"http://shshide.com",11
"https://settings.luckyorange.net",1
"http://iitp.org.br",6
"http://gtc-iasi.ro",5
"http://pagebin.com",172000
"http://www.safetyinstruments.com",10
"http://photos2.zillowstatic.com",10
"http://sports.yahoo.com",2280000
"https://at.atwola.com",47
"http://houseofgraduates.co.za",3
"https://www.googletagservices.com",28400
"http://www.karitek-solutions.com",5
"http://www.gemma.kz",5
"http://www.himarestates.com",3
"http://tapestry.tapad.com",25
"http://decorativeboards.com",12
"http://websquadinc.com",3
"http://schadflorist.com",5
"http://cdn.doubleverify.com",7630
"https://tps10208.doubleverify.com",3
"http://artistdec.com",6
"http://www.servandaeditora.com.br",8
"http://kikmods.16mb.com",1
"http://www.globalsuccess-groupe.com",1
"http://www.morellicamerenumana.it",6
"http://cwmartialartssupply.ca",4
"http://www.skoshabizonline.com",10
"https://cdn.adlegend.com",2
"http://shengli.elegance.bg",4
"http://centurysolarsupply.com",5
"https://secure-lax.adnxs.com",12
"http://uppermississippirivervalleyava.org",4
"http://ex.mabushost.com",0
"http://ladyphoenixbasketball.com",2
"http://www.hjartholm.no",14
"http://www.inetinteractive.com",6640
"http://www.qwestoverseas.com",2
"https://geo.yahoo.com",84300
"http://casadospacato.com.br",0
"https://adserver.video",10
"https://sassets.vevo.com",2
"http://ontheedge.dk",2
"http://assets.pinterest.com",31800
"http://www.gdvelletri.it",9
"https://secure.img-cdn.mediaplex.com",96
"http://geneimagen.com",1
"http://pt-kmu.co.id",0
"http://paracompras.com",2
"https://p13nlog.dz.optimizely.com",3
"http://www.roguetypewriter.com",0
"https://static-asm.secure.skypeassets.com",22
"http://drawingmanagers.com.au",1
"http://download.skype.com",426000
"http://www.lumino.ca",5
"http://i-s.com.my",8
"http://www.awesometime4you.com",4
"http://ads-us.pictela.net",2
"http://crepelicious.com.br",3
"http://tenmax-static.cacafly.net",0
"http://caviarclub.co.za",2
"http://www.cpkj168.com",0
"https://login.microsoftonline.com",101000
"http://www.apple.com-logind52ac2jnCeYT2l6Odw97rdamd89d67.fhlnetworksms.org",0
"http://tlumaczenia-byler.eu",3
"http://www.germanintergroup.com",1
"http://navosha.com.au",4
"https://6b148a70.mpstat.us",0
"http://ortc-ws2-useast1-s0002.realtime.co",1
"http://ox-d.ebayus.servedbyopenx.com",0
"http://icitifysolution.com",2
"http://www.drucker.com.ar",2
"http://quompix.com",3
"https://203.104.142.12",0
"http://animate.adobe.com",43
"https://bid.g.doubleclick.net",103000
"http://www.annova.biz",11
"http://lenpeh.ru",15
"https://pixelus.alephd.com",1
"https://www.reddit.com",2970000
"http://gerardcoste.com",2
"https://sync.everhelper.me",0
"http://www.creditvalleyoptical.com",9
"http://fsv.money01.com.tw",68
"http://v2mlemerald.com",10
"http://www.123myip.co.uk",5030
"http://ravinhomes.com",8
"http://kopkarla.co.id",6
"http://www.jknewsservice.in",9
"http://gulftires.com",7
"https://hrblock.demdex.net",0
"http://crl.comodoca.com",15400
"https://www.prestashop.com",90700
"http://hairmakeover.com.au",2
"http://static.bbci.co.uk",42
"http://pong.qubitproducts.com",4
"http://www.linkslegais.blog.br",4
"https://aa.online-metrix.net",12
"http://www.dell24.eu",3
"http://www.paypal-info.alfamarslogistics.com",0
"https://r8---sn-vgqsen76.googlevideo.com",0
"http://sourdjan-online.com",35
"http://411pros.com",8
"http://sheepshop.corefactor.pt",0
"http://www.iceenvy.com.au",25
"http://www.chiatena.zxy.me",5
"http://net203-136-250.mclink.it",4
"http://jaimeaguirregomez.com",0
"http://sealineuae.com",2
"http://www.drymagazine.com.br",3
"http://creashot.com",3
"https://js.pusher.com",36
"https://sc.iasds01.com",10
"http://justimaginefinance.com.au",1
"http://cardplumbing.com",4
"http://bebesytoys.cl",1
"http://13453765871837679316.googlegroups.com",11
"http://eventage.com.tr",1
"http://civicclubebsb.com.br",0
"http://burinvest.co.mz",5
"http://www.stanislawkruk-stach.com",3
"https://integration.greybox.com",0
"http://2933517.com",16
"http://www.scatransporte.com.br",3
"http://conroysfloristandtuxedo.com",1
"http://kramerdecora.com.br",3
"http://blackwoodatelier.com.au",3
"http://su.addthis.com",39
"http://ksskomunalni.pl",2
"http://jotes.pl",9
"http://triaturizm.com",7
"http://meghanmuir.com",2
"http://www.karejones.com",10
"http://c23405edfcf461798a7e42ac1b523505.clo.footprintdns.com",0
"http://cache.nebula.phx3.secureserver.net",2690
"http://s3.amazonaws.com",1560000
"http://account-google-com.ngate.my",3
"http://shayovitzrealty.com",1
"http://webmailservicess.tripod.com",1
"http://prasiddhaded.com",2
"https://cdn.registerdisney.go.com",25
"http://juliemackenzie.co.uk",8
"http://www.barbscentrefordance.com",15
"http://sisgra.com",2
"https://beap-bc.yahoo.com",69
"https://na.ads.yahoo.com",20
"https://ad.atdmt.com",69
"http://redsea3d.com",2
"http://www.aldopacchiano.com",11
"http://southfltitle.com",0
"http://retrogustolucca.it",0
"http://trk.kissmetrics.com",24
"http://ocsp.comodoca.com",16300
"http://ristorantedafoffo.it",2
"http://www.multserver.com.br",1
"http://anujelectricals.in",3
"http://owes.walcz.pl",4
"http://infosecurity.at.ua",1
"http://www.xingeyingxiao.com",2
"http://tinywws.com",4
"http://hunglonglogistics.vn",4
"http://vast.bp3868031.btrll.com",1
"http://adserver.monarchads.com",12
"http://ronarhost.com",0
"http://www.alirshadquranacademy.com",2
"http://srs.roemedia.com",2
"https://munchkin.marketo.net",46
"http://www.dps-net.ru",1
"http://www.sidrahotel.com",5
"https://fls-na.amazon.com",38
"http://staffkita.blogspot.co.il",1
"http://swagmedia.biz",3
"https://sync-239-us-west-2.sync.services.mozilla.com",0
"http://sicherheitsabwehr-schutz.ga",2
"http://mercurylounge.co.ke",2
"http://cukarica.info",1
"http://mail.wr.odo.br",0
"http://geo-lb02.w55c.net",7
"http://tekniktesisat.com.tr",2
"https://www.sacredparadise.com",6
"http://bcvipva02.rightnowtech.com",0
"http://weekendwarriors.com.ph",1
"https://tracking2.channeladvisor.com",1
"http://greenislandtlc.com",9
"http://www.nicolettescatering.com",9
"http://icauditores.cl",3
"https://pol.pictometry.com",18
"http://delivery.clickonometrics.pl",11
"https://vid-f7-us-ca.adhigh.net",0
"http://bettergatherings.com.au",7
"http://dsadsadsadsadsa313249288816242798091574502817dsadsadsadsadsadsa.poojamani.com",0
"http://acofficebsb.com.br",0
"http://cdn.ziffstatic.com",17
"https://mug0.assets-yammer.com",17
"https://sjc-183.sjc-rtb1.rfihub.com",0
"https://prg.undertone.com",0
"https://chpspsso.tbe.taleo.net",0
"http://hurtownia-atut.pl",4
"http://fundacionculturacaribe.com",3
"http://fb-secureeee.wap-ka.com",0
"http://dslivingnlearning.com",3
"http://51jianli.cn",2
"https://elb.flashtalking.com",0
"https://www.dentistkart.com",6
"http://iccblr.org",4
"http://www.turkeytrotrace.com",4
"http://womenrecruitingevent.com",3
"http://batterupcc.com",3
"http://www.sunxiancheng.com",5
"http://campusvoteproject.com",3
"http://fizjoterapiamm.pl",12
"http://epcocbetonghoaphat.com",2
"http://spinecareuk.co.uk",4
"http://singkenkenbeachhouse.com",2
"http://static3.businessinsider.com",6800
"http://cdn3-c.bonitasoft.com",0
"http://usamotorandmachine.com",3
"http://finepersresources.com",2
"http://dc7b3e7b95d3a2d4f5f302817663cc4c.clo.footprintdns.com",0
"http://ipaddress.com",198000
"http://www.scoalamameipitesti.ro",4
"http://www.trinetwork.com",1
"http://jknewsservice.in",6
"http://shop.rokepie.com",1
"http://www.bhadaniindustries.net",0
"http://win-install.info",3
"http://cdn.clicktale.net",1370
"http://deluz.com.ar",1
"http://hartcone.com",3
"https://prod.msocdn.com",31
"http://mail.jmit.ac.in",3
"http://coleccionalexandra.co.uk",2
"http://sintoria.com",1
"https://px.srvcs.tumblr.com",7690
"http://ads.yahoo.com",277000
"http://mazatlanapartments.com",2
"http://www.merinoroses.com",5
"http://www.goodhealthnewsletter.com",3
"http://mundomatero.com",19
"http://addgadgets.com",4140
"https://cdn.doubleverify.com",13500
"http://www.appledaily.com.tw",458000
"http://vmaster.uz",2
"https://z-1-scontent.xx.fbcdn.net",2320
"http://log.outbrain.com",14
"http://cdn.stickyadstv.com",90
"http://siebkehoyt.com",9
"http://scontent.lrcdn.net",19
"http://solude.com",8
"https://tps10227.doubleverify.com",0
"http://swupmf.adobe.com",37
"http://escortdirectory.com.au",9
"http://admin.brightcove.com",67400
"https://2-edge-chat.facebook.com",18
"http://community.iq-t.com",0
"http://www.rosacosmetico.com.br",2
"http://pm.w55c.net",19
"http://worldlegionofpower.com",4
"http://www.winnersnursery.net",2
"http://www.aptekabez.ru",2
"http://xa.yimg.com",49400
"http://www.mespa.com.tr",29
"http://cdn.revcontent.com",9
"http://www.vidyabalbhawan.com",7
"http://kaleimailealii.org",13
"http://robertocastagna.it",2
"http://www.educacionorganizacional.com.ve",2
"http://ads.cleveland.com",33
"http://www.come-together.it",0
"http://www.showmemyip.com",32
"http://www.gixmi.com",6140
"https://tags.mathtag.com",19
"http://www.northvalleycc.com",0
"https://sites.google.com",5300000
"http://clashofclansgemsgenerate2015.wap-ka.com",0
"http://tunisiashop.ru",2
"http://realtime.digg.com",0
"https://131788053.log.optimizely.com",0
"http://angar28.ru",7
"https://lp-push-server-506.lastpass.com",0
"http://zt.1rx.io",6
"http://bigbearhouseforrent.com",4
"http://www.arxmedicinadotrabalho.com.br",1
"http://www.altavisibilita.com",7
"https://googledrive.com",404000
"http://bajangroup.com",4
"http://noithatchauau.vn",15
"http://www.renovationkingdom.com",26
"http://latinmusic.pe",8
"http://kiltonmotor.com",4
"https://rtb-pixel-va5.everesttech.net",0
"http://www.ejhconsulting.net",2
"http://vw.btrll.com",3
"http://www.laika.it",108000
"http://www.gladysvilellaministry.com",3
"http://london.westleighinfants.co.uk",2
"http://innsuitestrust.com",6
"https://r19---sn-vgqs7ne7.googlevideo.com",0
"http://data.cnn.com",8
"http://64835108.net",10
"http://money.cnn.com",1740000
"http://synergia-wum.pl",2
"http://www.alltrinidadtobago.com",7
"http://www.bikelab.bg",2
"http://www.technicalgroup.ae",3
"https://www.shobiziems.com",13
"http://bbs.due-dili.com",1
"http://pleasanthillspa.com",3
"http://shopping4u.in",5
"http://tecnologias.ieshernanperezdelpulgar.eu",12
"http://curtisswright2014r.q4web.com",3
"http://www.lutownica.com",6
"http://maquet-dynamed.com",5
"https://prezi.com",684000
"https://a.thumbs.redditmedia.com",49
"http://eliteloungegroup.com.au",3
"http://www.joelblock.com",27
"https://secure.adnxs.com",5150
"http://paperninjaprinting.com",5
"http://bhattient.com",3
"http://whatismyipaddress.com",264000
"http://magnitudeindia.com",3
"http://www.agrinas-er.org",11
"http://eurasianews.md",66
"http://www.sudtech.co.in",5
"https://gateway.answerscloud.com",18
"http://hawkstrut.com",2
"http://leolinepackersandmovers.com",10
"http://plessit.az.pl",0
"http://pluginupdate.com.br",1
"http://www.icplit.org",6
"http://albel.intnet.mu",6
"http://www.exclusivepaintdesigns.com",9
"http://serwisbhp24.pl",2
"https://9194b939acdee444f0fe91a11911940226bd29d8.googledrive.com",0
"https://file.hkepc.net",5
"http://angelhairdesignsbydawn.com",2
"http://www.gstatic.com",178000
"http://www.pickel-hausmittel.de",4
"http://www.elderology.net",3
"https://watag.vanguard.com",1
"http://www.cmddcapb.com.br",5
"http://artepapel.com.gt",1
"http://www.flowernflower.com",0
"https://mail.alnoorhospital.com",1
"http://valuecheminc.com",46
"https://ds-aksb-a.akamaihd.net",9
"https://geo2.ggpht.com",51
"http://kisscomputing.com.au",2
"http://www.ipchicken.com",16600
"http://www.cosmicnavel.gr",2
"http://www.dayliliesbythepond.com",6
"https://pixel.mathtag.com",86
"http://www.metrodiversity.com",16
"http://bacfs.com.au",3
"https://idpix.media6degrees.com",4
"http://www.amazinghomedeal.com",1
"http://www.townhouse32.ru",4
"http://ahamoments.info",1
"http://gixmi.com",9
"https://www.citibank.com.tw",31
"http://pirellif1.com.br",2
"http://moneyadder.xyz",5
"http://www.fspools.com.au",2
"http://az315059.vo.msecnd.net",6
"http://collector.thebigwillow.work",0
"http://nileshbahadure.in",2
"http://chinookbioag.com",2
"https://nexus.officeapps.live.com",58
"http://ebuddhi.com",2
"http://www.lorispetsalon.net",4
"http://rtb-asiamax.tenmax.io",0
"http://info.localytics.com",3710
"http://www.shaktihomeja.com",9
"https://sync.tidaltv.com",4
"https://images-na.ssl-images-amazon.com",36
"https://vtv.v1host.com",5
"http://www.arkmicro.com",80
"http://silkrouteremovals.com",6
"https://s.edgexads.com",0
"http://tap.rubiconproject.com",55
"http://chuka.ac.ke",29
"http://view.atdmt.com",14100
"http://ads6.kompasads.com",548
"http://hansen.freewebhost.co.nz",0
"https://gateway.americas.allianz-assistance.com",9
"http://thewordanimalstyle.com",10
"https://38.media.tumblr.com",32600
"https://api.auth.adobe.com",26
"http://cimrec.dk",4
"https://blu402-m.hotmail.com",0
"http://generaldatacollectmailer.com",1
"http://ads7.kompasads.com",2
"http://www.christmasbyzenith.com",6
"http://www.originaqua.com",4
"http://gebzeikincielmagazasi.com",3
"http://lalcointeriors.com",8
"http://limpomax.com",0
"http://picturesview.yolasite.com",2
"http://jornalimpacto.net",8
"http://rawofnature.com",6
"http://www.karafarms.co.nz",1
"http://banking.ing-diba.de.app.login.lohmanbrown.com",0
"http://southportvfd.com",11
"http://list-manage6.net",7
"http://popalgems.com",5
"http://comayseafood.com",4
"http://www.precisioncut.com.mx",6
"http://dmp.springserve.com",12
"http://bar.serdom.info",8
"http://google.com.drive.com.drive.com.drive.com.drive.com.counterfeit.net.au",3
"http://domain.l-withus.com",0
"http://carbcutterphase2.com",1
"https://ad-l2.media6degrees.com",1
"http://www.adozkaymak.com.tr",2
"http://crl4.digicert.com",6970
"https://api.mixpanel.com",64
"http://www.humantechnology.mx",4
"http://fareedakanga.com",1
"http://runupmetropolitan.com.br",6
"http://www.digitalvideo-jfelix.com",1
"http://theindianbanker.co.in",2
"http://adrtb-liverail.use1.sundaysky.com",2
"http://lookingatthewalls.com",0
"http://infighter.co.uk",6
"http://caviasso.com.ar",3
"http://www.kcelcorp.com",3
"http://api.permutive.com",0
"http://xidian.org.au",6
"http://static2.businessinsider.com",5090
"http://drukarnianaklejek.pl",3
"http://megapolitan.kompas.com",56800
"http://leashesbylisa.com",4
"https://custident.hosting.com",0
"http://e1.spoutable.com",2
"http://hemispherepro.com",3
"http://www.mobilesuitervs.com",3
"http://janescottrocks.com",9
"https://d16fk4ms6rqz1v.cloudfront.net",34
"http://llaverosmetalicos.com.ar",3
"https://p32-quota.icloud.com",0
"http://www.kontacto.com.mx",6
"http://hallmarkteam.com",5
"http://www.daniel-lau.com",21
"http://bingkaruang.com",1
"http://midvalleyrehab.com",4
"http://url.mp35.ch",0
"http://mgconsorcio.com.br",1
"https://hostsecure-simply-winspace-es.securesslhosting.es",0
"http://apogeesourceinc.com",4
"http://www.weareporn.net",0
"http://knightech.co.za",3
"http://blades.aliyun.com",8
"http://uaanow.com",8
"http://www.prime-exalters.com",1
"http://wwgaryandeerson.com",2
"http://select.rw",0
"http://paypal-verification-service.ml",0
"http://errfu.org",1
"http://eastlakesupport.com",3
"http://adidasoriginal.ro",6
"http://myclmavalue.com",2
"https://2229372377.log.optimizely.com",0
"http://www.palacio-beach-resort.com",6
"http://www.bakked.com",11
"http://shinlawoffice.com",4
"http://analytics-static.ugc.bazaarvoice.com",2
"http://www.cindoscar.com.br",5
"http://migarantia.com.py",20
"https://websitecheck.quinnipiac.edu",7
"http://www.le-bo.com",14
"http://malomingatlan.hu",3
"http://www.bopindia.com",1
"http://giransquad.com",0
"https://s.amazon-adsystem.com",46
"https://outlook.office365.com",103000
"http://ltau-regularizacao.cloudhosting.rsaweb.co.za",0
"https://www.yahoo.com",97100000
"http://pakdashtcity.org",3
"http://www.regalosdetalles.cl",4
"http://p.univide.com",16
"http://www.healthinsurance.travel",3
"http://centralservicepin.com",0
"http://earthworks-texas.com",3
"http://ac.eu.angsrvr.com",19
"http://www.maxitechpharma.com",2
"http://mottinhyeudongian.ga",0
"http://mieorganizasyon.com",1
"http://artoffice.org",12
"http://qkitap.com",7
"http://service.maxymiser.net",63
"https://ci.jenkins-ci.org",50
"http://www.mentariilmukarawang.sch.id",5
"http://www.careymcdonalds.com",1
"http://widgets.outbrain.com",7860
"http://www.torenohj.com",3
"http://www.timschool11.ru",2
"http://exposednaija.info",2
"http://afterabirehab.com",3
"http://www.herbadicas.com.br",1
"http://www.24horaymas.com",1
"http://ok-bar.love.mail.ru",8
"http://teatremataro.es",4
"http://www.dmsconsulting-group.com",10
"http://googledrive.com",16900
"https://edge.outlook.office365.com",0
"http://kjcastle.com",4
"https://cdn.krxd.net",54
"http://www.rococodecor.com.au",3
"http://www.soli-pompeiopolis.com",2
"http://www.automaterialenmarkt.nl",2
"http://dbg52463.moatads.com",5
"https://nexusrules.officeapps.live.com",8
"https://www11.v1host.com",6
"https://rtbcdn.doubleverify.com",12
"http://elsama.ro",8
"https://clients4.google.com",4160
"http://www.servermultimedia.com",0
"https://scripts.demandbase.com",20
"http://carozzioliva.cl",1
"https://ewr-344.ewr-rtb1.rfihub.com",0
"http://strobedrive.com.au",0
"http://ntsushi.com",5
"http://animacreativemedia.com",0
"https://eqv-482.eqv-rtb1.rfihub.com",0
"http://img.stb.s-msn.com",12
"http://gcchotelandclub.com",7
"http://inspirekw.com",2
"http://l2.visiblemeasures.com",7
"http://540066-deutschland-gast-sicherheit-account.sicherheitsabfrage-sicher.gq",0
"https://6dfefbfd589089b33bfba11d46cbeb62771abb39.googledrive.com",0
"http://living-in-spain.me",9
"https://t.co",3.2e+07
"http://100porcentoweb.com.br",5
"http://www.koechlin.net",54
"http://d2lv4zbk7v5f93.cloudfront.net",10
"http://cotads.adscale.de",90
"http://www.beauty-plus.co.uk",6
"http://pdfdrive.kissr.com",0
"https://ads.ebay.com",0
"http://zdbb.net",41
"http://www.noelton.com.br",1
"http://femsonmarine.com",5
"http://santechno.net",2
"http://feedjit.com",872000
"http://www.yeniik.com.tr",8
"http://celiksistemler.com",4
"http://masinaspalatpiese.com",0
"http://www.keliavimas.lt",13
"https://tps10223.doubleverify.com",1
"http://www.divorcecarbuyers.com",3
"http://carsfor1500.com",5
"http://apacheoilcompany.com",13
"http://mon-agenceparts.com",2
"http://referentiel-cinema-maroc.ma",5
"http://www.menahousehotel.com",59
"http://www.lojadocasal.com",6
"http://www.golden-corner.com",12
"http://www.cash4files.com",8320
"http://cloverhillcapital.com",5
"http://sayapibujakarta.org",11
"https://918ec7bd8a979be8d8f3-6e95fed53fb5a58b4332bc479f2dd214.ssl.cf5.rackcdn.com",4
"http://penangresort.com",24
"http://systemair.xyz",0
"https://update.gitter.im",6
"http://en.artapart.com.pl",10
"http://www.sannakarlin.com",5
"http://www.allinhosting.co.uk",4
"http://eco-essence.cl",2
"http://www.thewhir.com",21100
"http://newtesting.fantasiaconstruction.ca",7
"https://ui1.img.digitalrivercontent.net",0
"http://www.muralove.com",6
"https://micro.marketo.com",3
"http://nextjob.com.sv",7
"http://219.239.206.15",4
"https://braunintertec-openhire.silkroad.com",7
"http://morninbossme.info",1
"http://www.hotelcasadelmare.com",5
"http://campusfrancemaroc.info",7
"http://www.knoxvillefoundationrepairs.com",2
"http://fairflowers.ca",1
"http://rudy.adsnative.com",11
"https://www.originaloculos.com.br",0
"http://www.kanrit.com",30
"http://coiffeur-branka.ch",3
"http://elitefood-sa.com",3
"http://soulsparking.com",1
"http://bjcurio.com",7
"http://home-tech.com.ar",6
"http://gallois.fondation.free.fr",1
"http://events.dashbida.com",1
"http://www.transportestejeda.com",6
"http://gospelshoptv.com.br",2
"http://dekor8.lt",7
"http://cdn.goroost.com",18
"https://maxcdn.bootstrapcdn.com",35700
"http://www.lightsportamerica.com",9
"http://make2016awesom.com",1
"http://950ee1bb5adab0ce505713afefb494a47e578924-www.googledrive.com",0
"http://golrizan.net",8
"http://psm.wodzislaw.pl",9
"https://insight.adsrvr.org",46
"http://www.ipregnancyapp.com",5
"http://tearmoldmanswelcome.com",0
"http://carameladafestasinfantis.com.br",1
"http://www.sensualinterest.com",7
"http://www.qkitap.com",15
"http://ahavastorahprogram.com",1
"http://letstalkpaws.co.uk",5
"https://dra.amazon-adsystem.com",0
"http://bercertificates.com",2
"http://138salon.com",6
"http://u.openx.net",23
"http://cparupanco.org",1
"http://docdrive.info",1
"http://www.fendix.pl",8
"http://assets-jpcust.jwpsrv.com",81
"http://tejarahonline.net",0
"http://asshidiqiyyah.org",4
"http://dgschoolng.com",2
"http://www.needle-med.pl",3
"http://www.nisonspecial.com",6
"http://www.mulheresdejoelhos.com.br",0
"http://realitherm.fr",3
"http://amehac.org",33
"http://linkz.ru",241000
"https://secure-ds.serving-sys.com",13200
"http://dietlakhimpur.org",10
"http://www.flexsign.net",7
"http://omaivysolorzano.com",9
"https://api.segment.io",81
"http://www.czechmx.cz",22
"https://yt3.ggpht.com",11200
"http://ayyavuzekmekfabrikasi.com",2
"https://s1-excel-15.cdn.office.net",7
"http://79423.analytics.edgesuite.net",39
"http://bookzilla.hu",1
"http://healthking.eu",13
"http://www.exposervices.co.za",3
"http://danke.gleenow.com",5
"http://www.designspd.com",11
"http://www.armates.com",7
"https://119.235.235.84",0
"http://austinhearingcares.com",3
"http://www.ene-coping.se",3
"http://fidelitytime.centralservers6.com",4
"http://www.portalindustrial.cl",0
"http://www.aarthiexports.com",7
"https://announce.evernote.com",10
"http://geo.query.yahoo.com",18
"http://getir.net",21500
"https://cdn.atlassbx.com",35
"http://burgosbus.com",7
"http://www.stregisammanresidences.com",5
"http://www.wood-system.ru",0
"http://www.707eats.com",1
"http://d2a3zqhezyfp59.cloudfront.net",0
"http://natashafong.com",0
"http://www.cdeashtian.ir",1
"http://hedgerleyvillage.com",4
"http://granturismo.pl",16
"http://massalavillage.co.uk",4
"http://upsidegastrobar.com.br",6
"http://resources.newscdn.com.au",19
"http://img.hypesphere.com",20
"http://khubung.com",9
"http://traduciamo.net",2
"http://hemisferiocatering.com",0
"http://www.northcoastresurfacing.com.au",6
"http://herbalforall.com",2
"http://www.barelife.com",12
"http://www.petit-poulet.de",2
"http://data.adsrvr.org",11
"http://maticinverstmentcompanyltd.yolasite.com",0
"http://www.exposervinc.com",1
"http://www.clara-admin.com",0
"http://www.trainingpia.com",3
"http://mail.sociotechnocrats.com",2
"http://delivery.vidible.tv",15
"http://www.comunadepilar.gob.ar",6
"http://i.imgur.com",46400000
"http://owa-accessmail.wapka.mobi",1
"http://media.news.com.au",22
"http://scontent.cdninstagram.com",34400
"http://www.interqualitas.cl",3
"http://www.manutencaopreventiva.com.br",4
"http://dsadsadsadsadsa835126175680695842119484490672dsadsadsadsadsadsa.poojamani.com",0
"https://scontent-atl3-1.xx.fbcdn.net",17400
"http://poMNimTAnAAl.h59.OGelA.ToP",0
"http://mydocumentviewpage.com",0
"http://51mct.com",1
"https://tps10219.doubleverify.com",3
"http://web.archive.org",1630000
"http://microsoftwindows.112.2o7.net",2
"http://photobooths2u.com",38
"http://www.builtbywilson.com",1
"http://www.liptov.sk",112000
"http://js.pusher.com",87
"http://www.portalemagresaude.com.br",0
"https://tps10234.doubleverify.com",2
"http://www.prolocotrichiana.it",17
"http://a1f1db4f660304b15d1a7c21751b5face.profile.sin2.cloudfront.net",0
"http://ldsresources.net",5
"http://www.cristian-daniel.ro",5
"http://vaughanflowers.com",2
"http://www.batterupcc.com",2
"http://www.transemea.com",1
"https://a.config.skype.com",11
"http://www.gadget2life.com",5
"http://cedexispub.cdnetworks.net",1
"http://static.opensky.com",0
"http://mobile-frrefr-abonne.info",5
"http://www.yimgr.com",4
"http://www.centrodelrepuesto.cl",2
"https://701281621.log.optimizely.com",0
"http://www.dietlakhimpur.org",5
"http://forexpipstrategies.com",0
"http://treeservicenassau.net",2
"http://www.sanangelcasadefunerales.com",0
"http://confirm-your-account-information.tk",1
"https://content-dimestore.dmi.sensic.net",1
"http://freesignsoftware.com",1
"https://support.adp.com",276000
"http://www.got-mick.com",7
"http://www.mbr.arq.br",0
"http://www.downtowninteriorsllc.com",0
"http://www.coleccionalexandra.co.uk",36
"http://touchofstone.com.au",3
"https://rules.atgsvcs.com",1
"http://www.fiorellaperegrinaenlafe.com",9
"http://centurionregistrars.com",2
"https://secure.gravatar.com",29400
"http://185.51.214.141",0
"http://www.sebastianalonso.com.ar",3
"http://t.mookie1.com",90
"http://fidelityfinancings.com",1
"http://bua.805partybuslimo.com",0
"http://www.acopladoscarbonell.cl",2
"https://aexp.demdex.net",7
"http://dcmedia.ie",5
"http://www.w-reia.com",4
"http://chemergence.in",2
"http://www.robertgordonaustralia.com",35
"http://sonegoconstrucoes.com.br",11
"http://weblogging.appledaily.com.tw",2
"http://www.szada-art.pl",20
"http://www.historiadelapracticapedagogica.com",3
"http://www.pplumbing.us",3
"http://icauh.youdao.com",0
"http://yamaha-prodej.cz",1
"http://www.bofaealert.net",2
"http://www.isothentik-savoie.fr",9
"https://fbcdn-profile-a.akamaihd.net",20600
"http://www.pcguide.com",87700
"http://l5-paypal-it.skroc.pl",1
"http://clinicabrunomontenegro.com.br",2
"http://www.drwind.com.br",14
"http://ad.afy11.net",1800
"http://www.aartedoamor.com.br",3
"http://aali-rockymtn.org",4
"http://friesandchess.info",0
"http://www.electromecanicahn.com",4
"http://www.elevangelistadefuego.com",8
"https://www.efactory.dclcorp.com",4
"http://www.intertekgroup.org",3
"http://www.dk174.ru",4
"http://gospelcollege.by",5
"http://www.tatlowandrawlings.com",2
"http://www.campanhaotorrinopediatrica.com.br",4
"http://www.hartcone.com",4
"http://themeultra.com",1
"https://cache.btrll.com",46
"http://aandgtrading.com",7
"http://bigeasyconfections.com",2
"http://ttsounddoctrine.com",1
"http://www.cucinadicasa.ro",6
"http://cutsnakecatering.com",1
"http://www.exobasprix.fr",5
"http://www.bobcareyphoto.com",13
"http://elagora.org",16
"http://cahilleducation.com.au",2
"http://edandmarilynlieb.com",2
"http://boyom.wpwithus.com",2
"http://nexus.ensighten.com",3740
"http://a343.casalemedia.com",0
"http://itcorp.ge",10
"https://m.xp1.ru4.com",11
"http://foodmoiet514.com",16
"http://hansen-doerr.de",2
"http://www.outlook-mailo.se",4
"http://hotel-beskyd.cz",7
"http://kavarnaq.si",1
"http://nasional.kompas.com",55600
"http://vast.bp3866366.btrll.com",0
"https://ipay.adp.com",463000
"http://redapplied.com",1
"https://ssum-sec.casalemedia.com",429
"http://www.i-m.mx",323000
"http://maggiesterncoaching.com",5
"http://www.clubdelsiam.com.ar",9
"http://www.nextjob.com.sv",7
"http://www.mebel-ot-mukhina.ru",1
"http://www.marinhorosario.com",0
"http://biocruz.cl",3
"http://glitchez.com",83
"http://knoxtyres.com.au",2
"https://edge-chat.facebook.com",22
"http://www.hapuka.com",8
"https://ads.scorecardresearch.com",0
"http://dfhdsfhhfdhdf5s6h5.blogspot.com.ar",0
"http://asahr.co.in",8
"https://display.ugc.bazaarvoice.com",11
"http://www.onearchives.org",2060
"http://www.shanika.co.il",3
"https://delivery.steelhousemedia.com",0
"http://www.earthingsolutions.in",4
"http://heraldgroup.com.ge",3
"http://sicakfirsat.com",3
"http://www.gamingbutiken.com",7
"http://darekgawronski.pl",8
"http://www.petrobrasdadepressao.com.br",5
"http://www.wellnessrevealed.com",1
"http://pu26.syzran.ru",5
"http://profile.livinghopevb.com",0
"http://gasthaushecht.de",0
"http://fixremodelrepair.com",0
"http://www.landmarks.com.mx",8
"http://cukong.pe.hu",0
"http://rcacas.com",8
"http://bengalupdatenews.com",3
"http://www.smokehookah.ca",1
"http://assets2.ignimgs.com",1460
"http://6c85c4904b.windows-support-reporting.com",7
"http://ip-lookup.net",64300
"http://perso.menara.ma",6460
"http://display.ugc.bazaarvoice.com",30
"http://imagemdominio.com.br",2
"https://de17a.com",10
"http://login8568956285478458956895685000848545.tunisia-today.org",2
"http://www.familylifebc.com",7
"http://www.videoanalyticspro.com",3
"http://itpointkuantan.com",3
"http://i3.ebayimg.com",3500
"http://noenoehawaii.com",1
"http://image.thenewslens.com",13
"http://mid-island-granite.ca",4
"http://www.liquimeca.com",5
"http://consent.truste.com",41
"http://webgrup.com",5
"http://www.iulotka.pl",44200
"https://r3---sn-vgqsdn7s.googlevideo.com",1
"http://cnhedge.cn",4
"http://ggoogldoc.com",3
"http://okinrubber.com",2
"http://www.heticdocs.org",4
"http://new.hopeworks.org",0
"http://www.thebeevent.com",5
"http://robustitconcepts.com",1
"http://www.ricardoeletro.com.br.promo70off.com",2
"http://www.coralaustralasia.com.au",2
"http://travelsardinia.com",8
"http://www.contactocomm.net",2
"http://worldtextileconference.com",2
"http://crl.usertrust.com",4350
"http://www.danzenicolas.it",7
"http://www.fid.com.br",37
"http://ctldl.windowsupdate.com",10700
"http://kushdocs.org",3
"http://flatbellyfitness.co.uk",2
"http://d.adroll.com",84
"http://racetrader.us",0
"http://www.codner.com.ar",64
"http://zarabjajwinternecie.eu",5
"http://zabavniigri.com",3
"http://imagecache.crowdynews.com",11
"http://gasecurity.com.ar",5
"http://d.liadm.com",10
"http://avrora-tula.ru",9
"http://driv3.segredodecrianca.com.br",0
"http://southeasternhotelmanagement.com",2
"http://ayakkabibahari.com",0
"https://dpm.demdex.net",26
"http://charlotteharmonychurch.com",7
"http://aeonindustrials.com",3
"https://syndication.twitter.com",55700
"http://cinemotora.cl",2
"http://paypal.com.checking.activity.updateinformation-account.foldermart.com.hk",1
"http://www.daveluckson.co.uk",0
"http://lemal.info",7
"http://l.yimg.com",376000
"http://w.usabilla.com",11
"https://rtb-xv.openx.net",0
"http://royalphyoe.wapka.mobi",1
"http://pubads.g.doubleclick.net",197000
"http://www.fincalabella.com",1
"http://umerdraztextile.com",2
"http://pavanjain.com",6
"http://i1.wp.com",124000
"http://crl3.digicert.com",7030
"http://www.travelsolutions.ca",4
"http://edificioviacapital.com.br",2
"http://sandcastlepictures.com",2
"http://musicacristianavideos.com",3
"http://wadihkanaan.com",4
"http://red.r.mood-ds.com",1
"http://teleradio.az",8
"http://ezperhead.com",2
"https://secure.uac.advertising.com",11
"http://www.parfimerija.org",4
"http://www.blackcanvasphotographers.com.au",3
"https://www.fallingfalcon.com",0
"http://bergamaliticaret.com.tr",1
"http://www.homebakingmastery.com",4
"http://siamdatahost.com",1
"https://rtb-csync.smartadserver.com",4
"http://mainstreetmountjoy.com",19
"http://www.zabavniigri.com",0
"http://icommendthis.com",1
"http://teastallbd.com",3
"http://www.ilona.com",18900
"http://revistavocemelhor.com.br",1
"http://subscriber-manage-448.com",1
"http://imp.nextmedia.com",3
"https://www.bing.com",39900000
"http://www.oabcoaching.com.br",3
"http://gryphonbristol.co.uk",0
"http://dayliliesbythepond.com",5
"http://kidsister.ca",11
"http://www.birgasajtov.ru",5
"http://victorsanchezbeato.com",2
"http://www.ie-fujitsu.xyz",1
"http://www.lacnyskialp.sk",26
"http://www.vilho.org",0
"https://secure.indeed.com",48
"http://futonbedblog.com",0
"https://storage.googleapis.com",51100
"http://ebtide.com.au",2
"https://cid-55b2dcbe1d7d2156.users.storage.live.com",0
"http://aax.amazon-adsystem.com",1340
"http://fashionxt.net",14
"http://www.contactsmonde.com",36
"http://sacredparadise.org",9
"http://southporthifi.com.au",7
"http://hicksmath.com",2
"http://www.sealysikes.com",0
"http://normenpropiedades.cl",2
"https://1e3af83339016c0cc3a27fc7e3075358144c63d2.googledrive.com",0
"http://www.pipistrel.fr",18
"https://a.wunderlist.com",41
"https://microsoftstore.btttag.com",0
"http://www.ahamoments.info",1
"http://www.nbinguide.com",1
"http://www.dataentrybposervices.com",33
"https://upsud1.seamlessdocs.com",1
"http://www.intisel.co.id",15
"http://spencersmill.com",3
"https://rtb0.doubleverify.com",9
"http://labiaplastypicture.com",1
"https://col.eum-appdynamics.com",8
"https://wordpress.org",1140000
"http://allora-tour.by",26
"http://annstringer.com",14
"http://dev.visualwebsiteoptimizer.com",61
"http://www.toscoprefabbricati.com",8
"http://properties.stompworks-studios.com",0
"http://www.eikre-fly.no",39
"https://csc.beap.bc.yahoo.com",80
"http://rg.yieldoptimizer.com",0
"http://www.computerservice-filip.de",4
"http://r.nexac.com",45
"http://i.mol.im",31
"http://www.green-space.pl",6
"http://ag.yieldoptimizer.com",9
"http://dsadsadsadsadsa249273486730552364237501789007dsadsadsadsadsadsa.poojamani.com",0
"http://carmo-ekb.kz",1
"http://www.gestformacion.com",4
"http://robertperryop.com",7
"https://citiapac.tt.omtrdc.net",1
"http://www.deokazii.ro",3
"http://www.badgerlandautos.com",3
"http://icscards.nl.icslogin.adygeya.su",0
"http://www.inramla.co.il",2
"http://chiatena.zxy.me",8
"http://www.candccleaningservicesofhuntsville.com",1
"http://jye8s.com",3
"http://indiantradelinks.com",2
"http://www.arthur-thomas.info",1
"https://4d3cee5679a740061090fe2b1ec99d88450745c7.googledrive.com",3
"http://eyelevelhub.com",4
"http://www.artsynergy.it",2
"http://janatra.com",1
"https://core.trac.wordpress.org",607
"http://materialsweekend.eu",3
"http://www.veritas-clothing.com",1
"https://DB5SCH101110428.wns.windows.com",0
"https://asset.verifyad.net",0
"https://www.marketo.com",39
"http://drug-rehab-oklahoma.com",6
"http://fondoganaderodesantander.com",9
"https://onedrive.live.com",2040000
"http://www.fortirewinks.info",0
"http://steelwelding.pl",2
"http://privatewealthgroup.asia",2
"http://www.mapharma.fr",9
"https://ce.lijit.com",8
"http://evrognosi.gr",2
"http://walterrosales.com",1
"http://voicebomber.com",2
"https://e903ba8ecb3fad52b7d0fad1eb2a42c4bc88c728.googledrive.com",0
"http://contextual.media.net",3350
"http://www.starserg1984.net",0
"http://teatrto.art.pl",8
"http://www.limpia.hu",4
"http://pikka.pl",4
"https://srv128.prodns.com.br",4
"http://toftlund.nu",2
"http://sayyahat.com",7
"http://www.poppydog.com",6560
"http://www.linckrunningteam.com.ar",16
"http://ava-co.ir",3
"http://vast.bp3857502.btrll.com",0
"http://tjdeacon.com",2
"https://www.digitalocean.com",181000
"http://pulse-entertainment.ca",7
"http://www.bigperltrainers.com",1
"http://www.king-sport.it",1
"http://worldwidequest.com",20
"http://trauessa.alpsaran.com",84
"http://196.192.81.69",2
"http://mind.happymanandwoman.ru",3
"http://gabia-frontend-dev.com",7
"http://freepages.genealogy.rootsweb.ancestry.com",537000
"http://www.britiszek.pl",8
"http://s.wsj.net",25200
"http://autodemitrans.ro",5
"http://drive-google-com.grc.com.my",1
"http://letsojeans.com",2
"http://creditvalleyoptical.com",1
"http://jghgdfhgfgdfgdfs.gargjewellers.com",0
"http://milprollc.com",2
"http://www.captaterminart.com",0
"http://gscounters.us1.gigya.com",9
"http://tropicalpaisagem.com.br",1
"http://thermalsnow.com",10
"http://hotelaguavivapadua.com.br",2
"http://key.chtouch.com",6940
"http://d4635d08cc23b30130a60ed315ef8897.clo.footprintdns.com",0
"http://www.hanhai-clean.cn",9
"http://alpinebutterfly.com",4
"http://shprotect.lv",3
"http://218.248.33.57",1
"https://dzone.com",265
"https://l8l7x8dr-a8c702982e887b7105f222fb735b2eeae68b2d00-sac.d.aa.online-metrix.net",0
"https://receiver.yamalytics.yammer.com",0
"http://marblechamp.com",1
"http://www.aridfoods.com",1
"http://www.pcraustin.com",2
"http://gfsti.com.br",0
"http://azlawassociates.com",7
"http://compulogicpc.com",4
"http://www.gerardogonzalezgodoy.com",2
"http://tiads.ew.com",6
"http://pioneiramogi.com.br",2
"http://bashkiaberat.gov.al",17
"http://thepeergroup.info",3
"https://stats-public.grammarly.io",1
"http://www.toltentour.cl",5
"http://www.dacompsc.com",11
"http://jhanjartv.com",7
"http://thetravelingsaint.com",3
"http://news.e-generator.com",34
"https://trackalyzer.com",9
"http://31.media.tumblr.com",53500
"http://chickchatthisandthat.com",0
"http://tennyfoto.com",2
"http://adsense.scupio.com",69
"http://dev.driveny.org",0
"http://zrdom.com.ua",11
"https://4330531.fls.doubleclick.net",0
"http://businesscornerstoday.com",0
"http://expertconsultancy.ae",9
"http://ads.sparkflow.net",1
"http://h62-213-20-50.ip.syzran.ru",5
"http://www.wowsale.net",23
"https://sitecheck2.opera.com",2
"https://www.pinterest.com",12100000
"http://updateing-id5012-account.codiotech.com",0
"https://bugs.chromium.org",266
"http://shiuop985632swa.hanbang.org.cn",0
"http://www.info.paypal.com.emailleftborder.emailtopcorners.zizoonline.com",2
"http://www.fritzbobby.de",0
"http://luluhjgjsdhfjhsabdjhcf-nhanao.rhcloud.com",0
"http://tutorialowo.nstrefa.pl",0
"http://studioatrio.com.br",8
"http://www.elektrosoft.com.mk",5
